,year,month,day,minute,height
0,2016,9,6,15,12.02
1,2016,9,6,20,12.02
2,2016,9,6,25,12.02
3,2016,9,6,30,12.01
4,2016,9,6,35,12.01
5,2016,9,6,40,12.00
6,2016,9,6,45,11.99
7,2016,9,6,50,11.98
8,2016,9,6,55,11.97
9,2016,9,6,0,11.97
10,2016,9,6,5,11.96
11,2016,9,6,10,11.96
12,2016,9,6,15,11.95
13,2016,9,6,20,11.95
14,2016,9,6,25,11.94
15,2016,9,6,30,11.94
16,2016,9,6,35,11.94
17,2016,9,6,40,11.93
18,2016,9,6,45,11.93
19,2016,9,6,50,11.93
20,2016,9,6,55,11.92
21,2016,9,6,0,11.92
22,2016,9,6,5,11.92
23,2016,9,6,10,11.92
24,2016,9,6,15,11.92
25,2016,9,6,20,11.92
26,2016,9,6,25,11.92
27,2016,9,6,30,11.92
28,2016,9,6,35,11.91
29,2016,9,6,40,11.91
30,2016,9,6,45,11.90
31,2016,9,6,50,11.89
32,2016,9,6,55,11.88
33,2016,9,6,0,11.88
34,2016,9,6,5,11.88
35,2016,9,6,10,11.87
36,2016,9,6,15,11.87
37,2016,9,6,20,11.86
38,2016,9,6,25,11.86
39,2016,9,6,30,11.85
40,2016,9,6,35,11.85
41,2016,9,6,40,11.84
42,2016,9,6,45,11.84
43,2016,9,6,50,11.84
44,2016,9,6,55,11.84
45,2016,9,6,0,11.85
46,2016,9,6,5,11.87
47,2016,9,6,10,11.88
48,2016,9,6,15,11.89
49,2016,9,6,20,11.89
50,2016,9,6,25,11.89
51,2016,9,6,30,11.88
52,2016,9,6,35,11.88
53,2016,9,6,40,11.88
54,2016,9,6,45,11.88
55,2016,9,6,50,11.87
56,2016,9,6,55,11.87
57,2016,9,6,0,11.87
58,2016,9,6,5,11.87
59,2016,9,6,10,11.87
60,2016,9,6,15,11.87
61,2016,9,6,20,11.88
62,2016,9,6,25,11.88
63,2016,9,6,30,11.87
64,2016,9,6,35,11.87
65,2016,9,6,40,11.87
66,2016,9,6,45,11.88
67,2016,9,6,50,11.88
68,2016,9,6,55,11.89
69,2016,9,6,0,11.89
70,2016,9,6,5,11.90
71,2016,9,6,10,11.91
72,2016,9,6,15,11.91
73,2016,9,6,20,11.92
74,2016,9,6,25,11.92
75,2016,9,6,30,11.91
76,2016,9,6,35,11.91
77,2016,9,6,40,11.91
78,2016,9,6,45,11.91
79,2016,9,6,50,11.91
80,2016,9,6,55,11.91
81,2016,9,6,0,11.91
82,2016,9,6,5,11.91
83,2016,9,6,10,11.91
84,2016,9,6,15,11.91
85,2016,9,6,20,11.91
86,2016,9,6,25,11.91
87,2016,9,6,30,11.91
88,2016,9,6,35,11.92
89,2016,9,6,40,11.92
90,2016,9,6,45,11.92
91,2016,9,6,50,11.92
92,2016,9,6,55,11.93
93,2016,9,6,0,11.93
94,2016,9,6,5,11.94
95,2016,9,6,10,11.94
96,2016,9,6,15,11.94
97,2016,9,6,20,11.97
98,2016,9,6,25,11.95
99,2016,9,6,30,11.94
100,2016,9,6,35,11.93
101,2016,9,6,40,11.93
102,2016,9,6,45,11.93
103,2016,9,6,50,11.94
104,2016,9,6,55,11.94
105,2016,9,6,0,11.94
106,2016,9,6,5,11.94
107,2016,9,6,10,11.98
108,2016,9,6,15,11.95
109,2016,9,6,20,11.94
110,2016,9,6,25,11.94
111,2016,9,6,30,11.94
112,2016,9,6,35,11.94
113,2016,9,6,40,11.94
114,2016,9,6,45,11.95
115,2016,9,6,50,11.95
116,2016,9,6,55,11.97
117,2016,9,6,0,11.97
118,2016,9,6,5,11.97
119,2016,9,6,10,11.98
120,2016,9,6,15,11.98
121,2016,9,6,20,11.98
122,2016,9,6,25,11.97
123,2016,9,6,30,11.97
124,2016,9,6,35,11.95
125,2016,9,6,40,11.97
126,2016,9,6,45,11.98
127,2016,9,6,50,11.99
128,2016,9,6,55,11.99
129,2016,9,6,0,11.99
130,2016,9,6,5,11.98
131,2016,9,6,10,11.99
132,2016,9,6,15,11.99
133,2016,9,6,20,11.99
134,2016,9,6,25,11.99
135,2016,9,6,30,11.99
136,2016,9,6,35,11.98
137,2016,9,6,40,11.99
138,2016,9,6,45,11.99
139,2016,9,6,50,12.00
140,2016,9,6,55,12.01
141,2016,9,6,0,12.01
142,2016,9,6,5,12.01
143,2016,9,6,10,12.00
144,2016,9,6,15,12.00
145,2016,9,6,20,12.00
146,2016,9,6,25,12.00
147,2016,9,6,30,12.00
148,2016,9,6,35,12.00
149,2016,9,6,40,11.99
150,2016,9,6,45,11.99
151,2016,9,6,50,11.99
152,2016,9,6,55,12.00
153,2016,9,6,0,11.99
154,2016,9,6,5,11.99
155,2016,9,6,10,11.98
156,2016,9,6,15,11.98
157,2016,9,6,20,11.99
158,2016,9,6,25,12.00
159,2016,9,6,30,12.01
160,2016,9,6,35,12.01
161,2016,9,6,40,12.02
162,2016,9,6,45,12.02
163,2016,9,6,50,12.03
164,2016,9,6,55,12.03
165,2016,9,6,0,12.04
166,2016,9,6,5,12.04
167,2016,9,6,10,12.04
168,2016,9,6,15,12.04
169,2016,9,6,20,12.02
170,2016,9,6,25,12.04
171,2016,9,6,30,12.04
172,2016,9,6,35,12.05
173,2016,9,6,40,12.04
174,2016,9,6,45,12.03
175,2016,9,6,50,12.02
176,2016,9,6,55,12.01
177,2016,9,6,0,12.02
178,2016,9,6,5,12.02
179,2016,9,6,10,12.03
180,2016,9,6,15,12.03
181,2016,9,6,20,12.02
182,2016,9,6,25,12.03
183,2016,9,6,30,12.03
184,2016,9,6,35,12.04
185,2016,9,6,40,12.06
186,2016,9,6,45,12.06
187,2016,9,6,50,12.08
188,2016,9,6,55,12.06
189,2016,9,6,0,12.06
190,2016,9,6,5,12.05
191,2016,9,6,10,12.05
192,2016,9,6,15,12.06
193,2016,9,6,20,12.07
194,2016,9,6,25,12.07
195,2016,9,6,30,12.07
196,2016,9,6,35,12.06
197,2016,9,6,40,12.04
198,2016,9,6,45,12.03
199,2016,9,6,50,12.02
200,2016,9,6,55,12.02
201,2016,9,6,0,12.01
202,2016,9,6,5,12.00
203,2016,9,6,10,11.99
204,2016,9,6,15,11.98
205,2016,9,6,20,11.98
206,2016,9,6,25,11.99
207,2016,9,6,30,12.01
208,2016,9,6,35,12.03
209,2016,9,6,40,12.03
210,2016,9,6,45,12.03
211,2016,9,6,50,12.03
212,2016,9,6,55,12.02
213,2016,9,6,0,12.02
214,2016,9,6,5,12.02
215,2016,9,6,10,12.02
216,2016,9,6,15,12.02
217,2016,9,6,20,12.02
218,2016,9,6,25,12.01
219,2016,9,6,30,12.01
220,2016,9,6,35,12.01
221,2016,9,6,40,12.00
222,2016,9,6,45,12.00
223,2016,9,6,50,11.99
224,2016,9,6,55,11.98
225,2016,9,6,0,11.97
226,2016,9,6,5,11.97
227,2016,9,6,10,11.97
228,2016,9,6,15,11.98
229,2016,9,6,20,11.98
230,2016,9,6,25,11.98
231,2016,9,6,30,11.98
232,2016,9,6,35,11.98
233,2016,9,6,40,11.98
234,2016,9,6,45,11.98
235,2016,9,6,50,11.98
236,2016,9,6,55,11.98
237,2016,9,6,0,11.98
238,2016,9,6,5,11.98
239,2016,9,6,10,11.98
240,2016,9,6,15,11.97
241,2016,9,6,20,11.97
242,2016,9,6,25,11.97
243,2016,9,6,30,11.97
244,2016,9,6,35,11.96
245,2016,9,6,40,11.96
246,2016,9,6,45,11.96
247,2016,9,6,50,11.96
248,2016,9,6,55,11.97
249,2016,9,6,0,11.97
250,2016,9,6,5,11.98
251,2016,9,6,10,11.98
252,2016,9,6,15,11.98
253,2016,9,6,20,11.98
254,2016,9,6,25,11.98
255,2016,9,6,30,11.98
256,2016,9,6,35,11.98
257,2016,9,6,40,11.99
258,2016,9,6,45,11.99
259,2016,9,6,50,11.99
260,2016,9,6,55,11.99
261,2016,9,6,0,11.98
262,2016,9,6,5,11.98
263,2016,9,6,10,11.98
264,2016,9,6,15,11.97
265,2016,9,6,20,11.97
266,2016,9,6,25,11.97
267,2016,9,6,30,11.96
268,2016,9,6,35,11.96
269,2016,9,6,40,11.96
270,2016,9,6,45,11.96
271,2016,9,6,50,11.96
272,2016,9,6,55,11.96
273,2016,9,6,0,11.96
274,2016,9,6,5,11.96
275,2016,9,6,10,11.96
276,2016,9,6,15,11.96
277,2016,9,6,20,11.97
278,2016,9,6,25,11.97
279,2016,9,6,30,11.97
280,2016,9,6,35,11.97
281,2016,9,6,40,11.97
282,2016,9,6,45,11.97
283,2016,9,6,50,11.98
284,2016,9,6,55,11.98
285,2016,9,7,0,11.98
286,2016,9,7,5,11.98
287,2016,9,7,10,11.98
288,2016,9,7,15,11.97
289,2016,9,7,20,11.97
290,2016,9,7,25,11.97
291,2016,9,7,30,11.97
292,2016,9,7,35,11.97
293,2016,9,7,40,11.97
294,2016,9,7,45,11.98
295,2016,9,7,50,11.98
296,2016,9,7,55,11.98
297,2016,9,7,0,11.98
298,2016,9,7,5,11.98
299,2016,9,7,10,11.98
300,2016,9,7,15,11.98
301,2016,9,7,20,11.98
302,2016,9,7,25,11.98
303,2016,9,7,30,11.98
304,2016,9,7,35,11.98
305,2016,9,7,40,11.98
306,2016,9,7,45,11.98
307,2016,9,7,50,11.97
308,2016,9,7,55,11.97
309,2016,9,7,0,11.96
310,2016,9,7,5,11.96
311,2016,9,7,10,11.96
312,2016,9,7,15,11.96
313,2016,9,7,20,11.96
314,2016,9,7,25,11.96
315,2016,9,7,30,11.96
316,2016,9,7,35,11.95
317,2016,9,7,40,11.95
318,2016,9,7,45,11.95
319,2016,9,7,50,11.95
320,2016,9,7,55,11.94
321,2016,9,7,0,11.94
322,2016,9,7,5,11.95
323,2016,9,7,10,11.95
324,2016,9,7,15,11.95
325,2016,9,7,20,11.95
326,2016,9,7,25,11.95
327,2016,9,7,30,11.95
328,2016,9,7,35,11.95
329,2016,9,7,40,11.94
330,2016,9,7,45,11.94
331,2016,9,7,50,11.94
332,2016,9,7,55,11.95
333,2016,9,7,0,11.95
334,2016,9,7,5,11.94
335,2016,9,7,10,11.94
336,2016,9,7,15,11.94
337,2016,9,7,20,11.93
338,2016,9,7,25,11.93
339,2016,9,7,30,11.92
340,2016,9,7,35,11.91
341,2016,9,7,40,11.90
342,2016,9,7,45,11.89
343,2016,9,7,50,11.88
344,2016,9,7,55,11.88
345,2016,9,7,0,11.87
346,2016,9,7,5,11.82
347,2016,9,7,10,11.79
348,2016,9,7,15,11.77
349,2016,9,7,20,11.76
350,2016,9,7,25,11.74
351,2016,9,7,30,11.73
352,2016,9,7,35,11.73
353,2016,9,7,40,11.72
354,2016,9,7,45,11.71
355,2016,9,7,50,11.70
356,2016,9,7,55,11.69
357,2016,9,7,0,11.68
358,2016,9,7,5,11.68
359,2016,9,7,10,11.66
360,2016,9,7,15,11.65
361,2016,9,7,20,11.64
362,2016,9,7,25,11.63
363,2016,9,7,30,11.63
364,2016,9,7,35,11.62
365,2016,9,7,40,11.61
366,2016,9,7,45,11.60
367,2016,9,7,50,11.59
368,2016,9,8,0,10.46
369,2016,9,8,5,10.46
370,2016,9,8,10,10.47
371,2016,9,8,15,10.47
372,2016,9,8,20,10.48
373,2016,9,8,25,10.49
374,2016,9,8,30,10.50
375,2016,9,8,35,10.50
376,2016,9,8,40,10.50
377,2016,9,8,45,10.50
378,2016,9,8,50,10.51
379,2016,9,8,55,10.51
380,2016,9,8,0,10.51
381,2016,9,8,5,10.51
382,2016,9,8,10,10.52
383,2016,9,8,15,10.52
384,2016,9,8,20,10.53
385,2016,9,8,25,10.53
386,2016,9,8,30,10.54
387,2016,9,8,35,10.55
388,2016,9,8,40,10.56
389,2016,9,8,45,10.57
390,2016,9,8,50,10.57
391,2016,9,8,55,10.57
392,2016,9,8,0,10.58
393,2016,9,8,5,10.58
394,2016,9,8,10,10.58
395,2016,9,8,15,10.59
396,2016,9,8,20,10.59
397,2016,9,8,25,10.60
398,2016,9,8,30,10.60
399,2016,9,8,35,10.61
400,2016,9,8,40,10.61
401,2016,9,8,45,10.62
402,2016,9,8,50,10.62
403,2016,9,8,55,10.62
404,2016,9,8,0,10.63
405,2016,9,8,5,10.63
406,2016,9,8,10,10.63
407,2016,9,8,15,10.64
408,2016,9,8,20,10.65
409,2016,9,8,25,10.66
410,2016,9,8,30,10.67
411,2016,9,8,35,10.67
412,2016,9,8,40,10.67
413,2016,9,8,45,10.68
414,2016,9,8,50,10.68
415,2016,9,8,55,10.68
416,2016,9,8,0,10.69
417,2016,9,8,5,10.69
418,2016,9,8,10,10.69
419,2016,9,8,15,10.70
420,2016,9,8,20,10.70
421,2016,9,8,25,10.71
422,2016,9,8,30,10.71
423,2016,9,8,35,10.72
424,2016,9,8,40,10.73
425,2016,9,8,45,10.73
426,2016,9,8,50,10.74
427,2016,9,8,55,10.74
428,2016,9,8,0,10.75
429,2016,9,8,5,10.75
430,2016,9,8,10,10.76
431,2016,9,8,15,10.76
432,2016,9,8,20,10.77
433,2016,9,8,25,10.77
434,2016,9,8,30,10.78
435,2016,9,8,35,10.78
436,2016,9,8,40,10.79
437,2016,9,8,45,10.79
438,2016,9,8,50,10.79
439,2016,9,8,55,10.80
440,2016,9,8,0,10.81
441,2016,9,8,5,10.80
442,2016,9,8,10,10.80
443,2016,9,8,15,10.81
444,2016,9,8,20,10.81
445,2016,9,8,25,10.82
446,2016,9,8,30,10.83
447,2016,9,8,35,10.83
448,2016,9,8,40,10.84
449,2016,9,8,45,10.85
450,2016,9,8,50,10.85
451,2016,9,8,55,10.86
452,2016,9,8,0,10.86
453,2016,9,8,5,10.87
454,2016,9,8,10,10.88
455,2016,9,8,15,10.88
456,2016,9,8,20,10.89
457,2016,9,8,25,10.90
458,2016,9,8,30,10.90
459,2016,9,8,35,10.91
460,2016,9,8,40,10.91
461,2016,9,8,45,10.91
462,2016,9,8,50,10.90
463,2016,9,8,55,10.90
464,2016,9,8,0,10.89
465,2016,9,8,5,10.90
466,2016,9,8,10,10.91
467,2016,9,8,15,10.93
468,2016,9,8,20,10.94
469,2016,9,8,25,10.95
470,2016,9,8,30,10.95
471,2016,9,8,35,10.96
472,2016,9,8,40,11.02
473,2016,9,8,45,10.99
474,2016,9,8,50,10.97
475,2016,9,8,55,10.98
476,2016,9,8,0,10.99
477,2016,9,8,5,10.99
478,2016,9,8,10,11.00
479,2016,9,8,15,11.01
480,2016,9,8,20,11.02
481,2016,9,8,25,11.03
482,2016,9,8,30,11.03
483,2016,9,8,35,11.03
484,2016,9,8,40,11.02
485,2016,9,8,45,11.03
486,2016,9,8,50,11.02
487,2016,9,8,55,11.03
488,2016,9,8,0,11.04
489,2016,9,8,5,11.04
490,2016,9,8,10,11.05
491,2016,9,8,15,11.06
492,2016,9,8,20,11.07
493,2016,9,8,25,11.08
494,2016,9,8,30,11.09
495,2016,9,8,35,11.09
496,2016,9,8,40,11.10
497,2016,9,8,45,11.10
498,2016,9,8,50,11.11
499,2016,9,8,55,11.11
500,2016,9,8,0,11.12
501,2016,9,8,5,11.13
502,2016,9,8,10,11.14
503,2016,9,8,15,11.13
504,2016,9,8,20,11.11
505,2016,9,8,25,11.10
506,2016,9,8,30,11.10
507,2016,9,8,35,11.11
508,2016,9,8,40,11.13
509,2016,9,8,45,11.14
510,2016,9,8,50,11.15
511,2016,9,8,55,11.16
512,2016,9,8,0,11.17
513,2016,9,8,5,11.18
514,2016,9,8,10,11.19
515,2016,9,8,15,11.19
516,2016,9,8,20,11.20
517,2016,9,8,25,11.19
518,2016,9,8,30,11.18
519,2016,9,8,35,11.18
520,2016,9,8,40,11.18
521,2016,9,8,45,11.20
522,2016,9,8,50,11.22
523,2016,9,8,55,11.24
524,2016,9,8,0,11.24
525,2016,9,8,5,11.24
526,2016,9,8,10,11.23
527,2016,9,8,15,11.23
528,2016,9,8,20,11.23
529,2016,9,8,25,11.24
530,2016,9,8,30,11.24
531,2016,9,8,35,11.24
532,2016,9,8,40,11.25
533,2016,9,8,45,11.28
534,2016,9,8,50,11.29
535,2016,9,8,55,11.30
536,2016,9,8,0,11.29
537,2016,9,8,5,11.36
538,2016,9,8,10,11.29
539,2016,9,8,15,11.29
540,2016,9,8,20,11.30
541,2016,9,8,25,11.31
542,2016,9,8,30,11.30
543,2016,9,8,35,11.32
544,2016,9,8,40,11.33
545,2016,9,8,45,11.34
546,2016,9,8,50,11.34
547,2016,9,8,55,11.34
548,2016,9,8,0,11.34
549,2016,9,8,5,11.34
550,2016,9,8,10,11.35
551,2016,9,8,15,11.35
552,2016,9,8,20,11.36
553,2016,9,8,25,11.36
554,2016,9,8,30,11.37
555,2016,9,8,35,11.37
556,2016,9,8,40,11.37
557,2016,9,8,45,11.37
558,2016,9,8,50,11.37
559,2016,9,8,55,11.37
560,2016,9,8,0,11.38
561,2016,9,8,5,11.41
562,2016,9,8,10,11.42
563,2016,9,8,15,11.44
564,2016,9,8,20,11.44
565,2016,9,8,25,11.45
566,2016,9,8,30,11.46
567,2016,9,8,35,11.47
568,2016,9,8,40,11.48
569,2016,9,8,45,11.48
570,2016,9,8,50,11.48
571,2016,9,8,55,11.48
572,2016,9,8,0,11.49
573,2016,9,8,5,11.53
574,2016,9,8,10,11.58
575,2016,9,8,15,11.60
576,2016,9,8,20,11.61
577,2016,9,8,25,11.59
578,2016,9,8,30,11.58
579,2016,9,8,35,11.57
580,2016,9,8,40,11.56
581,2016,9,8,45,11.56
582,2016,9,8,50,11.57
583,2016,9,8,55,11.57
584,2016,9,8,0,11.58
585,2016,9,8,5,11.59
586,2016,9,8,10,11.60
587,2016,9,8,15,11.61
588,2016,9,8,20,11.61
589,2016,9,8,25,11.62
590,2016,9,8,30,11.61
591,2016,9,8,35,11.61
592,2016,9,8,40,11.61
593,2016,9,8,45,11.62
594,2016,9,8,50,11.63
595,2016,9,8,55,11.65
596,2016,9,8,0,11.66
597,2016,9,8,5,11.68
598,2016,9,8,10,11.69
599,2016,9,8,15,11.70
600,2016,9,8,20,11.69
601,2016,9,8,25,11.69
602,2016,9,8,30,11.69
603,2016,9,8,35,11.69
604,2016,9,8,40,11.70
605,2016,9,8,45,11.70
606,2016,9,8,50,11.70
607,2016,9,8,55,11.71
608,2016,9,8,0,11.72
609,2016,9,8,5,11.73
610,2016,9,8,10,11.73
611,2016,9,8,15,11.73
612,2016,9,8,20,11.73
613,2016,9,8,25,11.74
614,2016,9,8,30,11.74
615,2016,9,8,35,11.75
616,2016,9,8,40,11.76
617,2016,9,8,45,11.77
618,2016,9,8,50,11.79
619,2016,9,8,55,11.80
620,2016,9,8,0,11.81
621,2016,9,8,5,11.81
622,2016,9,8,10,11.81
623,2016,9,8,15,11.81
624,2016,9,8,20,11.82
625,2016,9,8,25,11.82
626,2016,9,8,30,11.83
627,2016,9,8,35,11.83
628,2016,9,8,40,11.83
629,2016,9,8,45,11.84
630,2016,9,8,50,11.84
631,2016,9,8,55,11.84
632,2016,9,8,0,11.85
633,2016,9,8,5,11.85
634,2016,9,8,10,11.85
635,2016,9,8,15,11.85
636,2016,9,8,20,11.86
637,2016,9,8,25,11.86
638,2016,9,8,30,11.87
639,2016,9,8,35,11.88
640,2016,9,8,40,11.89
641,2016,9,8,45,11.90
642,2016,9,8,50,11.90
643,2016,9,8,55,11.91
644,2016,9,9,0,11.91
645,2016,9,9,5,11.91
646,2016,9,9,10,11.92
647,2016,9,9,15,11.92
648,2016,9,9,20,11.93
649,2016,9,9,25,11.93
650,2016,9,9,30,11.94
651,2016,9,9,35,11.94
652,2016,9,9,40,11.95
653,2016,9,9,45,11.95
654,2016,9,9,50,11.96
655,2016,9,9,55,11.96
656,2016,9,9,0,11.97
657,2016,9,9,5,11.97
658,2016,9,9,10,11.97
659,2016,9,9,15,11.98
660,2016,9,9,20,11.98
661,2016,9,9,25,11.99
662,2016,9,9,30,12.00
663,2016,9,9,35,12.00
664,2016,9,9,40,12.01
665,2016,9,9,45,12.01
666,2016,9,9,50,12.02
667,2016,9,9,55,12.02
668,2016,9,9,0,12.02
669,2016,9,9,5,12.03
670,2016,9,9,10,12.03
671,2016,9,9,15,12.04
672,2016,9,9,20,12.04
673,2016,9,9,25,12.05
674,2016,9,9,30,12.05
675,2016,9,9,35,12.05
676,2016,9,9,40,12.05
677,2016,9,9,45,12.06
678,2016,9,9,50,12.06
679,2016,9,9,55,12.06
680,2016,9,9,0,12.06
681,2016,9,9,5,12.06
682,2016,9,9,10,12.07
683,2016,9,9,15,12.08
684,2016,9,9,20,12.09
685,2016,9,9,25,12.09
686,2016,9,9,30,12.10
687,2016,9,9,35,12.10
688,2016,9,9,40,12.10
689,2016,9,9,45,12.11
690,2016,9,9,50,12.11
691,2016,9,9,55,12.12
692,2016,9,9,0,12.12
693,2016,9,9,5,12.12
694,2016,9,9,10,12.13
695,2016,9,9,15,12.13
696,2016,9,9,20,12.14
697,2016,9,9,25,12.14
698,2016,9,9,30,12.15
699,2016,9,9,35,12.15
700,2016,9,9,40,12.14
701,2016,9,9,45,12.14
702,2016,9,9,50,12.14
703,2016,9,9,55,12.14
704,2016,9,9,0,12.13
705,2016,9,9,5,12.12
706,2016,9,9,10,12.10
707,2016,9,9,15,12.08
708,2016,9,9,20,12.07
709,2016,9,9,25,12.07
710,2016,9,9,30,12.06
711,2016,9,9,35,12.06
712,2016,9,9,40,12.06
713,2016,9,9,45,12.05
714,2016,9,9,50,12.05
715,2016,9,9,55,12.05
716,2016,9,9,0,12.05
717,2016,9,9,5,12.06
718,2016,9,9,10,12.06
719,2016,9,9,15,12.06
720,2016,9,9,20,12.06
721,2016,9,9,25,12.06
722,2016,9,9,30,12.06
723,2016,9,9,35,12.07
724,2016,9,9,40,12.06
725,2016,9,9,45,12.06
726,2016,9,9,50,12.05
727,2016,9,9,55,12.05
728,2016,9,9,0,12.04
729,2016,9,9,5,12.03
730,2016,9,9,10,12.02
731,2016,9,9,15,12.01
732,2016,9,9,20,12.01
733,2016,9,9,25,12.01
734,2016,9,9,30,11.97
735,2016,9,9,35,11.95
736,2016,9,9,40,11.94
737,2016,9,9,45,11.95
738,2016,9,9,50,11.96
739,2016,9,9,55,11.97
740,2016,9,9,0,11.98
741,2016,9,9,5,11.98
742,2016,9,9,10,11.98
743,2016,9,9,15,11.97
744,2016,9,9,20,11.98
745,2016,9,9,25,11.98
746,2016,9,9,30,11.98
747,2016,9,9,35,11.98
748,2016,9,9,40,11.97
749,2016,9,9,45,11.97
750,2016,9,9,50,11.96
751,2016,9,9,55,11.96
752,2016,9,9,0,11.96
753,2016,9,9,5,12.02
754,2016,9,9,10,12.03
755,2016,9,9,15,12.02
756,2016,9,9,20,12.01
757,2016,9,9,25,12.00
758,2016,9,9,30,12.00
759,2016,9,9,35,12.01
760,2016,9,9,40,12.02
761,2016,9,9,45,12.03
762,2016,9,9,50,12.04
763,2016,9,9,55,12.04
764,2016,9,9,0,12.05
765,2016,9,9,5,12.04
766,2016,9,9,10,12.05
767,2016,9,9,15,12.05
768,2016,9,9,20,12.04
769,2016,9,9,25,12.04
770,2016,9,9,30,12.05
771,2016,9,9,35,12.05
772,2016,9,9,40,12.05
773,2016,9,9,45,12.05
774,2016,9,9,50,12.05
775,2016,9,9,55,12.05
776,2016,9,9,0,12.06
777,2016,9,9,5,12.06
778,2016,9,9,10,12.06
779,2016,9,9,15,12.06
780,2016,9,9,20,12.12
781,2016,9,9,25,12.06
782,2016,9,9,30,12.04
783,2016,9,9,35,12.05
784,2016,9,9,40,12.06
785,2016,9,9,45,12.06
786,2016,9,9,50,12.06
787,2016,9,9,55,12.06
788,2016,9,9,0,12.05
789,2016,9,9,5,12.04
790,2016,9,9,10,12.12
791,2016,9,9,15,12.09
792,2016,9,9,20,12.07
793,2016,9,9,25,12.06
794,2016,9,9,30,12.06
795,2016,9,9,35,12.06
796,2016,9,9,40,12.06
797,2016,9,9,45,12.07
798,2016,9,9,50,12.07
799,2016,9,9,55,12.07
800,2016,9,9,0,12.07
801,2016,9,9,5,12.06
802,2016,9,9,10,12.06
803,2016,9,9,15,12.06
804,2016,9,9,20,12.04
805,2016,9,9,25,12.03
806,2016,9,9,30,12.01
807,2016,9,9,35,12.05
808,2016,9,9,40,11.99
809,2016,9,9,45,11.97
810,2016,9,9,50,11.98
811,2016,9,9,55,11.98
812,2016,9,9,0,11.99
813,2016,9,9,5,12.00
814,2016,9,9,10,11.99
815,2016,9,9,15,11.97
816,2016,9,9,20,11.96
817,2016,9,9,25,11.97
818,2016,9,9,30,11.98
819,2016,9,9,35,12.00
820,2016,9,9,40,12.01
821,2016,9,9,45,12.01
822,2016,9,9,50,12.01
823,2016,9,9,55,12.02
824,2016,9,9,0,12.01
825,2016,9,9,5,12.02
826,2016,9,9,10,12.01
827,2016,9,9,15,12.00
828,2016,9,9,20,12.00
829,2016,9,9,25,12.00
830,2016,9,9,30,12.00
831,2016,9,9,35,11.99
832,2016,9,9,40,11.98
833,2016,9,9,45,11.98
834,2016,9,9,50,11.97
835,2016,9,9,55,11.98
836,2016,9,9,0,11.97
837,2016,9,9,5,11.96
838,2016,9,9,10,11.95
839,2016,9,9,15,11.95
840,2016,9,9,20,11.95
841,2016,9,9,25,11.95
842,2016,9,9,30,11.96
843,2016,9,9,35,11.96
844,2016,9,9,40,11.97
845,2016,9,9,45,11.97
846,2016,9,9,50,11.97
847,2016,9,9,55,11.97
848,2016,9,9,0,11.97
849,2016,9,9,5,11.97
850,2016,9,9,10,11.97
851,2016,9,9,15,11.97
852,2016,9,9,20,11.97
853,2016,9,9,25,11.96
854,2016,9,9,30,11.95
855,2016,9,9,35,11.95
856,2016,9,9,40,11.95
857,2016,9,9,45,11.95
858,2016,9,9,50,11.95
859,2016,9,9,55,11.96
860,2016,9,9,0,11.97
861,2016,9,9,5,11.98
862,2016,9,9,10,11.99
863,2016,9,9,15,12.00
864,2016,9,9,20,12.00
865,2016,9,9,25,12.00
866,2016,9,9,30,12.01
867,2016,9,9,35,12.01
868,2016,9,9,40,12.01
869,2016,9,9,45,12.01
870,2016,9,9,50,12.02
871,2016,9,9,55,12.02
872,2016,9,9,0,12.02
873,2016,9,9,5,12.01
874,2016,9,9,10,12.01
875,2016,9,9,15,12.00
876,2016,9,9,20,12.00
877,2016,9,9,25,11.99
878,2016,9,9,30,11.99
879,2016,9,9,35,11.99
880,2016,9,9,40,11.99
881,2016,9,9,45,11.99
882,2016,9,9,50,12.00
883,2016,9,9,55,12.01
884,2016,9,9,0,12.01
885,2016,9,9,5,12.02
886,2016,9,9,10,12.02
887,2016,9,9,15,12.02
888,2016,9,9,20,12.03
889,2016,9,9,25,12.03
890,2016,9,9,30,12.03
891,2016,9,9,35,12.03
892,2016,9,9,40,12.04
893,2016,9,9,45,12.04
894,2016,9,9,50,12.05
895,2016,9,9,55,12.05
896,2016,9,9,0,12.05
897,2016,9,9,5,12.05
898,2016,9,9,10,12.05
899,2016,9,9,15,12.05
900,2016,9,9,20,12.05
901,2016,9,9,25,12.05
902,2016,9,9,30,12.05
903,2016,9,9,35,12.05
904,2016,9,9,40,12.06
905,2016,9,9,45,12.06
906,2016,9,9,50,12.06
907,2016,9,9,55,12.06
908,2016,9,9,0,12.06
909,2016,9,9,5,12.07
910,2016,9,9,10,12.07
911,2016,9,9,15,12.08
912,2016,9,9,20,12.08
913,2016,9,9,25,12.08
914,2016,9,9,30,12.09
915,2016,9,9,35,12.09
916,2016,9,9,40,12.09
917,2016,9,9,45,12.09
918,2016,9,9,50,12.09
919,2016,9,9,55,12.09
920,2016,9,9,0,12.08
921,2016,9,9,5,12.08
922,2016,9,9,10,12.08
923,2016,9,9,15,12.09
924,2016,9,9,20,12.09
925,2016,9,9,25,12.09
926,2016,9,9,30,12.09
927,2016,9,9,35,12.09
928,2016,9,9,40,12.09
929,2016,9,9,45,12.09
930,2016,9,9,50,12.09
931,2016,9,9,55,12.09
932,2016,9,10,0,12.09
933,2016,9,10,5,12.10
934,2016,9,10,10,12.10
935,2016,9,10,15,12.10
936,2016,9,10,20,12.10
937,2016,9,10,25,12.10
938,2016,9,10,30,12.11
939,2016,9,10,35,12.11
940,2016,9,10,40,12.11
941,2016,9,10,45,12.11
942,2016,9,10,50,12.11
943,2016,9,10,55,12.11
944,2016,9,10,0,12.12
945,2016,9,10,5,12.12
946,2016,9,10,10,12.13
947,2016,9,10,15,12.13
948,2016,9,10,20,12.13
949,2016,9,10,25,12.14
950,2016,9,10,30,12.13
951,2016,9,10,35,12.13
952,2016,9,10,40,12.13
953,2016,9,10,45,12.13
954,2016,9,10,50,12.12
955,2016,9,10,55,12.11
956,2016,9,10,0,12.11
957,2016,9,10,5,12.10
958,2016,9,10,10,12.10
959,2016,9,10,15,12.10
960,2016,9,10,20,12.10
961,2016,9,10,25,12.09
962,2016,9,10,30,12.10
963,2016,9,10,35,12.10
964,2016,9,10,40,12.10
965,2016,9,10,45,12.10
966,2016,9,10,50,12.10
967,2016,9,10,55,12.10
968,2016,9,10,0,12.10
969,2016,9,10,5,12.09
970,2016,9,10,10,12.08
971,2016,9,10,15,12.07
972,2016,9,10,20,12.07
973,2016,9,10,25,12.07
974,2016,9,10,30,12.07
975,2016,9,10,35,12.07
976,2016,9,10,40,12.07
977,2016,9,10,45,12.06
978,2016,9,10,50,12.06
979,2016,9,10,55,12.06
980,2016,9,10,0,12.06
981,2016,9,10,5,12.06
982,2016,9,10,10,12.06
983,2016,9,10,15,12.05
984,2016,9,10,20,12.05
985,2016,9,10,25,12.05
986,2016,9,10,30,12.05
987,2016,9,10,35,12.05
988,2016,9,10,40,12.06
989,2016,9,10,45,12.06
990,2016,9,10,50,12.05
991,2016,9,10,55,12.05
992,2016,9,10,0,12.04
993,2016,9,10,5,12.04
994,2016,9,10,10,12.03
995,2016,9,10,15,12.03
996,2016,9,10,20,12.03
997,2016,9,10,25,12.03
998,2016,9,10,30,12.03
999,2016,9,10,35,12.03
1000,2016,9,10,40,12.03
1001,2016,9,10,45,12.03
1002,2016,9,10,50,12.03
1003,2016,9,10,55,12.03
1004,2016,9,10,0,12.02
1005,2016,9,10,5,12.02
1006,2016,9,10,10,12.02
1007,2016,9,10,15,12.02
1008,2016,9,10,20,12.02
1009,2016,9,10,25,12.03
1010,2016,9,10,30,12.03
1011,2016,9,10,35,12.03
1012,2016,9,10,40,12.03
1013,2016,9,10,45,12.03
1014,2016,9,10,50,12.03
1015,2016,9,10,55,12.04
1016,2016,9,10,0,12.05
1017,2016,9,10,5,12.05
1018,2016,9,10,10,12.05
1019,2016,9,10,15,12.05
1020,2016,9,10,20,12.05
1021,2016,9,10,25,12.05
1022,2016,9,10,30,12.05
1023,2016,9,10,35,12.05
1024,2016,9,10,40,12.05
1025,2016,9,10,45,12.05
1026,2016,9,10,50,12.05
1027,2016,9,10,55,12.05
1028,2016,9,10,0,12.11
1029,2016,9,10,5,12.10
1030,2016,9,10,10,12.08
1031,2016,9,10,15,12.07
1032,2016,9,10,20,12.07
1033,2016,9,10,25,12.06
1034,2016,9,10,30,12.07
1035,2016,9,10,35,12.07
1036,2016,9,10,40,12.07
1037,2016,9,10,45,12.08
1038,2016,9,10,50,12.08
1039,2016,9,10,55,12.08
1040,2016,9,10,0,12.09
1041,2016,9,10,5,12.09
1042,2016,9,10,10,12.09
1043,2016,9,10,15,12.09
1044,2016,9,10,20,12.10
1045,2016,9,10,25,12.10
1046,2016,9,10,30,12.10
1047,2016,9,10,35,12.10
1048,2016,9,10,40,12.10
1049,2016,9,10,45,12.10
1050,2016,9,10,50,12.11
1051,2016,9,10,55,12.12
1052,2016,9,10,0,12.12
1053,2016,9,10,5,12.11
1054,2016,9,10,10,12.11
1055,2016,9,10,15,12.11
1056,2016,9,10,20,12.12
1057,2016,9,10,25,12.12
1058,2016,9,10,30,12.13
1059,2016,9,10,35,12.13
1060,2016,9,10,40,12.12
1061,2016,9,10,45,12.12
1062,2016,9,10,50,12.10
1063,2016,9,10,55,12.16
1064,2016,9,10,0,12.15
1065,2016,9,10,5,12.10
1066,2016,9,10,10,12.08
1067,2016,9,10,15,12.08
1068,2016,9,10,20,12.09
1069,2016,9,10,25,12.10
1070,2016,9,10,30,12.11
1071,2016,9,10,35,12.10
1072,2016,9,10,40,12.06
1073,2016,9,10,45,12.13
1074,2016,9,10,50,12.13
1075,2016,9,10,55,12.12
1076,2016,9,10,0,12.11
1077,2016,9,10,5,12.11
1078,2016,9,10,10,12.11
1079,2016,9,10,15,12.11
1080,2016,9,10,20,12.11
1081,2016,9,10,25,12.12
1082,2016,9,10,30,12.12
1083,2016,9,10,35,12.11
1084,2016,9,10,40,12.13
1085,2016,9,10,45,12.13
1086,2016,9,10,50,12.14
1087,2016,9,10,55,12.12
1088,2016,9,10,0,12.08
1089,2016,9,10,5,12.08
1090,2016,9,10,10,12.07
1091,2016,9,10,15,12.08
1092,2016,9,10,20,12.08
1093,2016,9,10,25,12.14
1094,2016,9,10,30,12.10
1095,2016,9,10,35,12.10
1096,2016,9,10,40,12.11
1097,2016,9,10,45,12.12
1098,2016,9,10,50,12.12
1099,2016,9,10,55,12.12
1100,2016,9,10,0,12.12
1101,2016,9,10,5,12.12
1102,2016,9,10,10,12.12
1103,2016,9,10,15,12.11
1104,2016,9,10,20,12.12
1105,2016,9,10,25,12.11
1106,2016,9,10,30,12.11
1107,2016,9,10,35,12.11
1108,2016,9,10,40,12.10
1109,2016,9,10,45,12.10
1110,2016,9,10,50,12.11
1111,2016,9,10,55,12.11
1112,2016,9,10,0,12.11
1113,2016,9,10,5,12.15
1114,2016,9,10,10,12.16
1115,2016,9,10,15,12.16
1116,2016,9,10,20,12.15
1117,2016,9,10,25,12.14
1118,2016,9,10,30,12.13
1119,2016,9,10,35,12.13
1120,2016,9,10,40,12.12
1121,2016,9,10,45,12.11
1122,2016,9,10,50,12.16
1123,2016,9,10,55,12.12
1124,2016,9,10,0,12.10
1125,2016,9,10,5,12.11
1126,2016,9,10,10,12.07
1127,2016,9,10,15,12.06
1128,2016,9,10,20,12.09
1129,2016,9,10,25,12.11
1130,2016,9,10,30,12.12
1131,2016,9,10,35,12.13
1132,2016,9,10,40,12.13
1133,2016,9,10,45,12.14
1134,2016,9,10,50,12.14
1135,2016,9,10,55,12.14
1136,2016,9,10,0,12.14
1137,2016,9,10,5,12.14
1138,2016,9,10,10,12.13
1139,2016,9,10,15,12.11
1140,2016,9,10,20,12.10
1141,2016,9,10,25,12.09
1142,2016,9,10,30,12.09
1143,2016,9,10,35,12.09
1144,2016,9,10,40,12.10
1145,2016,9,10,45,12.10
1146,2016,9,10,50,12.09
1147,2016,9,10,55,12.09
1148,2016,9,10,0,12.08
1149,2016,9,10,5,12.09
1150,2016,9,10,10,12.09
1151,2016,9,10,15,12.09
1152,2016,9,10,20,12.09
1153,2016,9,10,25,12.10
1154,2016,9,10,30,12.10
1155,2016,9,10,35,12.10
1156,2016,9,10,40,12.11
1157,2016,9,10,45,12.11
1158,2016,9,10,50,12.11
1159,2016,9,10,55,12.10
1160,2016,9,10,0,12.10
1161,2016,9,10,5,12.09
1162,2016,9,10,10,12.08
1163,2016,9,10,15,12.08
1164,2016,9,10,20,12.09
1165,2016,9,10,25,12.08
1166,2016,9,10,30,12.08
1167,2016,9,10,35,12.08
1168,2016,9,10,40,12.08
1169,2016,9,10,45,12.08
1170,2016,9,10,50,12.08
1171,2016,9,10,55,12.08
1172,2016,9,10,0,12.08
1173,2016,9,10,5,12.08
1174,2016,9,10,10,12.08
1175,2016,9,10,15,12.08
1176,2016,9,10,20,12.09
1177,2016,9,10,25,12.09
1178,2016,9,10,30,12.09
1179,2016,9,10,35,12.09
1180,2016,9,10,40,12.09
1181,2016,9,10,45,12.09
1182,2016,9,10,50,12.09
1183,2016,9,10,55,12.09
1184,2016,9,10,0,12.09
1185,2016,9,10,5,12.09
1186,2016,9,10,10,12.09
1187,2016,9,10,15,12.09
1188,2016,9,10,20,12.09
1189,2016,9,10,25,12.09
1190,2016,9,10,30,12.09
1191,2016,9,10,35,12.09
1192,2016,9,10,40,12.09
1193,2016,9,10,45,12.09
1194,2016,9,10,50,12.09
1195,2016,9,10,55,12.09
1196,2016,9,10,0,12.08
1197,2016,9,10,5,12.08
1198,2016,9,10,10,12.08
1199,2016,9,10,15,12.08
1200,2016,9,10,20,12.08
1201,2016,9,10,25,12.08
1202,2016,9,10,30,12.08
1203,2016,9,10,35,12.08
1204,2016,9,10,40,12.08
1205,2016,9,10,45,12.09
1206,2016,9,10,50,12.10
1207,2016,9,10,55,12.10
1208,2016,9,10,0,12.10
1209,2016,9,10,5,12.10
1210,2016,9,10,10,12.10
1211,2016,9,10,15,12.09
1212,2016,9,10,20,12.09
1213,2016,9,10,25,12.09
1214,2016,9,10,30,12.09
1215,2016,9,10,35,12.09
1216,2016,9,10,40,12.09
1217,2016,9,10,45,12.09
1218,2016,9,10,50,12.09
1219,2016,9,10,55,12.08
1220,2016,9,11,0,12.08
1221,2016,9,11,5,12.08
1222,2016,9,11,10,12.08
1223,2016,9,11,15,12.08
1224,2016,9,11,20,12.08
1225,2016,9,11,25,12.08
1226,2016,9,11,30,12.08
1227,2016,9,11,35,12.08
1228,2016,9,11,40,12.08
1229,2016,9,11,45,12.08
1230,2016,9,11,50,12.08
1231,2016,9,11,55,12.08
1232,2016,9,11,0,12.08
1233,2016,9,11,5,12.08
1234,2016,9,11,10,12.08
1235,2016,9,11,15,12.08
1236,2016,9,11,20,12.08
1237,2016,9,11,25,12.08
1238,2016,9,11,30,12.08
1239,2016,9,11,35,12.08
1240,2016,9,11,40,12.09
1241,2016,9,11,45,12.09
1242,2016,9,11,50,12.09
1243,2016,9,11,55,12.09
1244,2016,9,11,0,12.08
1245,2016,9,11,5,12.08
1246,2016,9,11,10,12.08
1247,2016,9,11,15,12.08
1248,2016,9,11,20,12.08
1249,2016,9,11,25,12.08
1250,2016,9,11,30,12.08
1251,2016,9,11,35,12.08
1252,2016,9,11,40,12.08
1253,2016,9,11,45,12.08
1254,2016,9,11,50,12.08
1255,2016,9,11,55,12.07
1256,2016,9,11,0,12.07
1257,2016,9,11,5,12.07
1258,2016,9,11,10,12.07
1259,2016,9,11,15,12.07
1260,2016,9,11,20,12.08
1261,2016,9,11,25,12.08
1262,2016,9,11,30,12.09
1263,2016,9,11,35,12.09
1264,2016,9,11,40,12.09
1265,2016,9,11,45,12.08
1266,2016,9,11,50,12.08
1267,2016,9,11,55,12.07
1268,2016,9,11,0,12.07
1269,2016,9,11,5,12.07
1270,2016,9,11,10,12.07
1271,2016,9,11,15,12.06
1272,2016,9,11,20,12.06
1273,2016,9,11,25,12.06
1274,2016,9,11,30,12.06
1275,2016,9,11,35,12.06
1276,2016,9,11,40,12.07
1277,2016,9,11,45,12.07
1278,2016,9,11,50,12.06
1279,2016,9,11,55,12.06
1280,2016,9,11,0,12.06
1281,2016,9,11,5,12.06
1282,2016,9,11,10,12.06
1283,2016,9,11,15,12.06
1284,2016,9,11,20,12.06
1285,2016,9,11,25,12.05
1286,2016,9,11,30,12.04
1287,2016,9,11,35,12.04
1288,2016,9,11,40,12.03
1289,2016,9,11,45,12.03
1290,2016,9,11,50,12.01
1291,2016,9,11,55,12.01
1292,2016,9,11,0,12.00
1293,2016,9,11,5,12.00
1294,2016,9,11,10,12.00
1295,2016,9,11,15,12.01
1296,2016,9,11,20,12.02
1297,2016,9,11,25,12.03
1298,2016,9,11,30,12.03
1299,2016,9,11,35,12.03
1300,2016,9,11,40,12.03
1301,2016,9,11,45,12.03
1302,2016,9,11,50,12.04
1303,2016,9,11,55,12.06
1304,2016,9,11,0,12.06
1305,2016,9,11,5,12.07
1306,2016,9,11,10,12.08
1307,2016,9,11,15,12.07
1308,2016,9,11,20,12.08
1309,2016,9,11,25,12.07
1310,2016,9,11,30,12.06
1311,2016,9,11,35,12.05
1312,2016,9,11,40,12.05
1313,2016,9,11,45,12.04
1314,2016,9,11,50,12.03
1315,2016,9,11,55,12.02
1316,2016,9,11,0,12.02
1317,2016,9,11,5,12.02
1318,2016,9,11,10,12.02
1319,2016,9,11,15,12.02
1320,2016,9,11,20,12.01
1321,2016,9,11,25,12.01
1322,2016,9,11,30,12.02
1323,2016,9,11,35,12.03
1324,2016,9,11,40,12.03
1325,2016,9,11,45,12.03
1326,2016,9,11,50,12.03
1327,2016,9,11,55,12.03
1328,2016,9,11,0,12.03
1329,2016,9,11,5,12.03
1330,2016,9,11,10,12.04
1331,2016,9,11,15,12.03
1332,2016,9,11,20,12.03
1333,2016,9,11,25,12.03
1334,2016,9,11,30,12.02
1335,2016,9,11,35,12.02
1336,2016,9,11,40,12.02
1337,2016,9,11,45,12.01
1338,2016,9,11,50,12.07
1339,2016,9,11,55,12.06
1340,2016,9,11,0,12.05
1341,2016,9,11,5,12.03
1342,2016,9,11,10,12.03
1343,2016,9,11,15,12.02
1344,2016,9,11,20,12.01
1345,2016,9,11,25,12.00
1346,2016,9,11,30,12.00
1347,2016,9,11,35,12.01
1348,2016,9,11,40,12.00
1349,2016,9,11,45,11.99
1350,2016,9,11,50,11.98
1351,2016,9,11,55,11.96
1352,2016,9,11,0,11.96
1353,2016,9,11,5,11.96
1354,2016,9,11,10,11.97
1355,2016,9,11,15,11.98
1356,2016,9,11,20,11.98
1357,2016,9,11,25,11.97
1358,2016,9,11,30,11.98
1359,2016,9,11,35,11.98
1360,2016,9,11,40,12.02
1361,2016,9,11,45,12.02
1362,2016,9,11,50,12.01
1363,2016,9,11,55,12.00
1364,2016,9,11,0,12.00
1365,2016,9,11,5,11.99
1366,2016,9,11,10,11.98
1367,2016,9,11,15,11.98
1368,2016,9,11,20,11.95
1369,2016,9,11,25,11.94
1370,2016,9,11,30,11.92
1371,2016,9,11,35,11.92
1372,2016,9,11,40,11.94
1373,2016,9,11,45,11.94
1374,2016,9,11,50,11.95
1375,2016,9,11,55,11.94
1376,2016,9,11,0,11.93
1377,2016,9,11,5,11.94
1378,2016,9,11,10,11.96
1379,2016,9,11,15,11.97
1380,2016,9,11,20,11.98
1381,2016,9,11,25,11.98
1382,2016,9,11,30,11.98
1383,2016,9,11,35,11.98
1384,2016,9,11,40,12.00
1385,2016,9,11,45,12.01
1386,2016,9,11,50,11.99
1387,2016,9,11,55,11.97
1388,2016,9,11,0,11.95
1389,2016,9,11,5,11.95
1390,2016,9,11,10,11.94
1391,2016,9,11,15,11.98
1392,2016,9,11,20,11.99
1393,2016,9,11,25,11.99
1394,2016,9,11,30,11.98
1395,2016,9,11,35,11.98
1396,2016,9,11,40,11.96
1397,2016,9,11,45,11.97
1398,2016,9,11,50,11.96
1399,2016,9,11,55,11.96
1400,2016,9,11,0,11.96
1401,2016,9,11,5,11.96
1402,2016,9,11,10,11.96
1403,2016,9,11,15,11.96
1404,2016,9,11,20,11.96
1405,2016,9,11,25,11.96
1406,2016,9,11,30,11.97
1407,2016,9,11,35,11.98
1408,2016,9,11,40,11.98
1409,2016,9,11,45,11.98
1410,2016,9,11,50,11.97
1411,2016,9,11,55,11.96
1412,2016,9,11,0,11.95
1413,2016,9,11,5,11.95
1414,2016,9,11,10,11.95
1415,2016,9,11,15,11.96
1416,2016,9,11,20,11.96
1417,2016,9,11,25,11.97
1418,2016,9,11,30,11.97
1419,2016,9,11,35,11.97
1420,2016,9,11,40,11.98
1421,2016,9,11,45,11.98
1422,2016,9,11,50,11.97
1423,2016,9,11,55,12.00
1424,2016,9,11,0,12.00
1425,2016,9,11,5,12.01
1426,2016,9,11,10,12.00
1427,2016,9,11,15,11.99
1428,2016,9,11,20,11.99
1429,2016,9,11,25,11.99
1430,2016,9,11,30,11.99
1431,2016,9,11,35,11.99
1432,2016,9,11,40,11.98
1433,2016,9,11,45,11.97
1434,2016,9,11,50,11.97
1435,2016,9,11,55,11.96
1436,2016,9,11,0,11.97
1437,2016,9,11,5,11.98
1438,2016,9,11,10,11.99
1439,2016,9,11,15,12.00
1440,2016,9,11,20,12.00
1441,2016,9,11,25,12.00
1442,2016,9,11,30,12.00
1443,2016,9,11,35,12.00
1444,2016,9,11,40,12.00
1445,2016,9,11,45,12.00
1446,2016,9,11,50,12.00
1447,2016,9,11,55,12.00
1448,2016,9,11,0,12.00
1449,2016,9,11,5,12.00
1450,2016,9,11,10,12.00
1451,2016,9,11,15,12.01
1452,2016,9,11,20,12.01
1453,2016,9,11,25,12.01
1454,2016,9,11,30,12.00
1455,2016,9,11,35,11.99
1456,2016,9,11,40,11.99
1457,2016,9,11,45,12.00
1458,2016,9,11,50,12.00
1459,2016,9,11,55,12.01
1460,2016,9,11,0,12.01
1461,2016,9,11,5,12.02
1462,2016,9,11,10,12.02
1463,2016,9,11,15,12.02
1464,2016,9,11,20,12.02
1465,2016,9,11,25,12.02
1466,2016,9,11,30,12.02
1467,2016,9,11,35,12.01
1468,2016,9,11,40,12.00
1469,2016,9,11,45,12.00
1470,2016,9,11,50,12.00
1471,2016,9,11,55,12.01
1472,2016,9,11,0,12.01
1473,2016,9,11,5,12.02
1474,2016,9,11,10,12.03
1475,2016,9,11,15,12.03
1476,2016,9,11,20,12.02
1477,2016,9,11,25,12.02
1478,2016,9,11,30,12.01
1479,2016,9,11,35,12.01
1480,2016,9,11,40,12.01
1481,2016,9,11,45,12.02
1482,2016,9,11,50,12.02
1483,2016,9,11,55,12.02
1484,2016,9,11,0,12.03
1485,2016,9,11,5,12.03
1486,2016,9,11,10,12.03
1487,2016,9,11,15,12.03
1488,2016,9,11,20,12.02
1489,2016,9,11,25,12.01
1490,2016,9,11,30,12.01
1491,2016,9,11,35,12.01
1492,2016,9,11,40,12.01
1493,2016,9,11,45,12.01
1494,2016,9,11,50,12.01
1495,2016,9,11,55,12.01
1496,2016,9,11,0,12.01
1497,2016,9,11,5,12.01
1498,2016,9,11,10,12.01
1499,2016,9,11,15,12.00
1500,2016,9,11,20,12.00
1501,2016,9,11,25,12.00
1502,2016,9,11,30,12.00
1503,2016,9,11,35,12.00
1504,2016,9,11,40,12.00
1505,2016,9,11,45,12.00
1506,2016,9,11,50,12.00
1507,2016,9,11,55,12.00
1508,2016,9,12,0,12.00
1509,2016,9,12,5,12.00
1510,2016,9,12,10,12.00
1511,2016,9,12,15,11.99
1512,2016,9,12,20,11.99
1513,2016,9,12,25,11.99
1514,2016,9,12,30,11.99
1515,2016,9,12,35,11.99
1516,2016,9,12,40,11.99
1517,2016,9,12,45,11.99
1518,2016,9,12,50,11.99
1519,2016,9,12,55,11.99
1520,2016,9,12,0,11.99
1521,2016,9,12,5,11.99
1522,2016,9,12,10,11.98
1523,2016,9,12,15,11.98
1524,2016,9,12,20,11.98
1525,2016,9,12,25,11.98
1526,2016,9,12,30,11.99
1527,2016,9,12,35,11.99
1528,2016,9,12,40,11.99
1529,2016,9,12,45,11.99
1530,2016,9,12,50,11.99
1531,2016,9,12,55,11.98
1532,2016,9,12,0,11.98
1533,2016,9,12,5,11.98
1534,2016,9,12,10,11.98
1535,2016,9,12,15,11.98
1536,2016,9,12,20,11.97
1537,2016,9,12,25,11.97
1538,2016,9,12,30,11.97
1539,2016,9,12,35,11.97
1540,2016,9,12,40,11.97
1541,2016,9,12,45,11.97
1542,2016,9,12,50,11.97
1543,2016,9,12,55,11.97
1544,2016,9,12,0,11.97
1545,2016,9,12,5,11.97
1546,2016,9,12,10,11.97
1547,2016,9,12,15,11.98
1548,2016,9,12,20,11.98
1549,2016,9,12,25,11.98
1550,2016,9,12,30,11.98
1551,2016,9,12,35,11.98
1552,2016,9,12,40,11.98
1553,2016,9,12,45,11.98
1554,2016,9,12,50,11.98
1555,2016,9,12,55,11.98
1556,2016,9,12,0,11.97
1557,2016,9,12,5,11.97
1558,2016,9,12,10,11.97
1559,2016,9,12,15,11.97
1560,2016,9,12,20,11.97
1561,2016,9,12,25,11.97
1562,2016,9,12,30,11.97
1563,2016,9,12,35,11.97
1564,2016,9,12,40,11.97
1565,2016,9,12,45,11.97
1566,2016,9,12,50,11.97
1567,2016,9,12,55,11.96
1568,2016,9,12,0,11.97
1569,2016,9,12,5,11.97
1570,2016,9,12,10,11.97
1571,2016,9,12,15,11.97
1572,2016,9,12,20,11.97
1573,2016,9,12,25,11.97
1574,2016,9,12,30,11.98
1575,2016,9,12,35,11.98
1576,2016,9,12,40,11.98
1577,2016,9,12,45,11.98
1578,2016,9,12,50,11.97
1579,2016,9,12,55,11.97
1580,2016,9,12,0,11.97
1581,2016,9,12,5,11.97
1582,2016,9,12,10,11.97
1583,2016,9,12,15,11.97
1584,2016,9,12,20,11.98
1585,2016,9,12,25,11.98
1586,2016,9,12,30,11.97
1587,2016,9,12,35,11.97
1588,2016,9,12,40,11.97
1589,2016,9,12,45,11.97
1590,2016,9,12,50,11.97
1591,2016,9,12,55,11.97
1592,2016,9,12,0,11.97
1593,2016,9,12,5,11.97
1594,2016,9,12,10,11.97
1595,2016,9,12,15,11.98
1596,2016,9,12,20,11.98
1597,2016,9,12,25,11.97
1598,2016,9,12,30,11.97
1599,2016,9,12,35,11.97
1600,2016,9,12,40,11.97
1601,2016,9,12,45,11.97
1602,2016,9,12,50,11.97
1603,2016,9,12,55,11.97
1604,2016,9,12,0,11.98
1605,2016,9,12,5,11.98
1606,2016,9,12,10,11.97
1607,2016,9,12,15,11.96
1608,2016,9,12,20,11.96
1609,2016,9,12,25,11.96
1610,2016,9,12,30,11.96
1611,2016,9,12,35,11.96
1612,2016,9,12,40,11.96
1613,2016,9,12,45,11.96
1614,2016,9,12,50,11.96
1615,2016,9,12,55,11.97
1616,2016,9,12,0,11.97
1617,2016,9,12,5,11.97
1618,2016,9,12,10,11.97
1619,2016,9,12,15,11.97
1620,2016,9,12,20,11.97
1621,2016,9,12,25,11.97
1622,2016,9,12,30,11.97
1623,2016,9,12,35,11.97
1624,2016,9,12,40,11.98
1625,2016,9,12,45,11.98
1626,2016,9,12,50,11.98
1627,2016,9,12,55,11.98
1628,2016,9,12,0,11.97
1629,2016,9,12,5,12.00
1630,2016,9,12,10,12.00
1631,2016,9,12,15,12.00
1632,2016,9,12,20,11.99
1633,2016,9,12,25,11.97
1634,2016,9,12,30,11.97
1635,2016,9,12,35,11.97
1636,2016,9,12,40,11.97
1637,2016,9,12,45,11.97
1638,2016,9,12,50,11.97
1639,2016,9,12,55,11.95
1640,2016,9,12,0,11.92
1641,2016,9,12,5,11.92
1642,2016,9,12,10,11.92
1643,2016,9,12,15,11.93
1644,2016,9,12,20,11.95
1645,2016,9,12,25,11.95
1646,2016,9,12,30,11.96
1647,2016,9,12,35,11.96
1648,2016,9,12,40,11.99
1649,2016,9,12,45,11.99
1650,2016,9,12,50,11.99
1651,2016,9,12,55,11.95
1652,2016,9,12,0,11.94
1653,2016,9,12,5,11.93
1654,2016,9,12,10,11.93
1655,2016,9,12,15,11.94
1656,2016,9,12,20,11.95
1657,2016,9,12,25,11.99
1658,2016,9,12,30,11.97
1659,2016,9,12,35,11.95
1660,2016,9,12,40,11.95
1661,2016,9,12,45,11.95
1662,2016,9,12,50,11.94
1663,2016,9,12,55,11.94
1664,2016,9,12,0,11.93
1665,2016,9,12,5,11.94
1666,2016,9,12,10,11.94
1667,2016,9,12,15,11.95
1668,2016,9,12,20,11.95
1669,2016,9,12,25,11.96
1670,2016,9,12,30,11.97
1671,2016,9,12,35,11.97
1672,2016,9,12,40,11.96
1673,2016,9,12,45,11.96
1674,2016,9,12,50,11.95
1675,2016,9,12,55,11.91
1676,2016,9,12,0,11.90
1677,2016,9,12,5,11.90
1678,2016,9,12,10,11.92
1679,2016,9,12,15,11.94
1680,2016,9,12,20,11.95
1681,2016,9,12,25,11.96
1682,2016,9,12,30,11.96
1683,2016,9,12,35,11.95
1684,2016,9,12,40,11.97
1685,2016,9,12,45,11.97
1686,2016,9,12,50,11.97
1687,2016,9,12,55,11.96
1688,2016,9,12,0,11.94
1689,2016,9,12,5,11.93
1690,2016,9,12,10,11.93
1691,2016,9,12,15,11.92
1692,2016,9,12,20,11.92
1693,2016,9,12,25,11.93
1694,2016,9,12,30,11.94
1695,2016,9,12,35,11.94
1696,2016,9,12,40,11.93
1697,2016,9,12,45,11.93
1698,2016,9,12,50,11.92
1699,2016,9,12,55,11.92
1700,2016,9,12,0,11.92
1701,2016,9,12,5,11.93
1702,2016,9,12,10,11.93
1703,2016,9,12,15,11.94
1704,2016,9,12,20,11.94
1705,2016,9,12,25,11.95
1706,2016,9,12,30,11.95
1707,2016,9,12,35,11.95
1708,2016,9,12,40,11.95
1709,2016,9,12,45,11.94
1710,2016,9,12,50,11.94
1711,2016,9,12,55,11.93
1712,2016,9,12,0,11.93
1713,2016,9,12,5,11.93
1714,2016,9,12,10,11.93
1715,2016,9,12,15,11.93
1716,2016,9,12,20,11.92
1717,2016,9,12,25,11.92
1718,2016,9,12,30,11.92
1719,2016,9,12,35,11.92
1720,2016,9,12,40,11.92
1721,2016,9,12,45,11.92
1722,2016,9,12,50,11.92
1723,2016,9,12,55,11.93
1724,2016,9,12,0,11.93
1725,2016,9,12,5,11.94
1726,2016,9,12,10,11.95
1727,2016,9,12,15,11.95
1728,2016,9,12,20,11.95
1729,2016,9,12,25,11.95
1730,2016,9,12,30,11.95
1731,2016,9,12,35,11.95
1732,2016,9,12,40,11.94
1733,2016,9,12,45,11.94
1734,2016,9,12,50,11.94
1735,2016,9,12,55,11.93
1736,2016,9,12,0,11.93
1737,2016,9,12,5,11.93
1738,2016,9,12,10,11.93
1739,2016,9,12,15,11.93
1740,2016,9,12,20,11.93
1741,2016,9,12,25,11.93
1742,2016,9,12,30,11.92
1743,2016,9,12,35,11.92
1744,2016,9,12,40,11.92
1745,2016,9,12,45,11.93
1746,2016,9,12,50,11.93
1747,2016,9,12,55,11.94
1748,2016,9,12,0,11.94
1749,2016,9,12,5,11.94
1750,2016,9,12,10,11.94
1751,2016,9,12,15,11.94
1752,2016,9,12,20,11.94
1753,2016,9,12,25,11.94
1754,2016,9,12,30,11.94
1755,2016,9,12,35,11.93
1756,2016,9,12,40,11.93
1757,2016,9,12,45,11.93
1758,2016,9,12,50,11.93
1759,2016,9,12,55,11.93
1760,2016,9,12,0,11.93
1761,2016,9,12,5,11.93
1762,2016,9,12,10,11.92
1763,2016,9,12,15,11.92
1764,2016,9,12,20,11.92
1765,2016,9,12,25,11.92
1766,2016,9,12,30,11.93
1767,2016,9,12,35,11.93
1768,2016,9,12,40,11.94
1769,2016,9,12,45,11.94
1770,2016,9,12,50,11.94
1771,2016,9,12,55,11.95
1772,2016,9,12,0,11.95
1773,2016,9,12,5,11.95
1774,2016,9,12,10,11.95
1775,2016,9,12,15,11.95
1776,2016,9,12,20,11.94
1777,2016,9,12,25,11.94
1778,2016,9,12,30,11.95
1779,2016,9,12,35,11.95
1780,2016,9,12,40,11.95
1781,2016,9,12,45,11.95
1782,2016,9,12,50,11.95
1783,2016,9,12,55,11.95
1784,2016,9,12,0,11.95
1785,2016,9,12,5,11.94
1786,2016,9,12,10,11.94
1787,2016,9,12,15,11.95
1788,2016,9,12,20,11.95
1789,2016,9,12,25,11.95
1790,2016,9,12,30,11.95
1791,2016,9,12,35,11.94
1792,2016,9,12,40,11.95
1793,2016,9,12,45,11.95
1794,2016,9,12,50,11.95
1795,2016,9,12,55,11.95
